id,t,h,ts
dht22-yellow,21.6,37.7,2017-03-25T06:07:34.780Z
dht22-yellow,21.6,37.6,2017-03-25T06:07:50.751Z
dht22-yellow,21.6,37.6,2017-03-25T06:08:02.225Z
dht22-yellow,21.6,37.6,2017-03-25T06:08:15.916Z
dht22-yellow,21.6,37.6,2017-03-25T06:24:34.064Z
dht22-yellow,21.4,37.7,2017-03-25T06:26:35.584Z
dht22-yellow,21.3,37.8,2017-03-25T06:28:37.101Z
dht22-yellow,21.4,37.8,2017-03-25T06:30:38.616Z
dht22-yellow,21.5,37.7,2017-03-25T06:32:40.111Z
dht22-yellow,21.5,37.7,2017-03-25T06:34:41.617Z
dht22-yellow,21.5,37.5,2017-03-25T06:36:43.140Z
dht22-yellow,21.5,37.4,2017-03-25T06:38:46.909Z
dht22-yellow,21.6,37.4,2017-03-25T06:40:48.422Z
dht22-yellow,21.7,37.6,2017-03-25T06:42:49.926Z
dht22-yellow,21.7,37.5,2017-03-25T06:44:51.423Z
dht22-yellow,21.8,37.6,2017-03-25T06:46:52.928Z
dht22-yellow,21.8,37.6,2017-03-25T06:48:56.758Z
dht22-yellow,21.7,37.6,2017-03-25T06:51:00.251Z
dht22-yellow,21.7,37.7,2017-03-25T06:53:01.739Z
dht22-yellow,21.7,37.8,2017-03-25T06:55:03.244Z
dht22-yellow,21.6,37.8,2017-03-25T06:57:04.749Z
dht22-yellow,21.6,37.8,2017-03-25T06:59:06.270Z
dht22-yellow,21.6,37.8,2017-03-25T07:01:07.776Z
dht22-yellow,21.8,38.6,2017-03-25T07:03:40.361Z
dht22-yellow,22.5,38.6,2017-03-25T07:05:41.861Z
dht22-yellow,22.2,36.6,2017-03-25T07:07:43.356Z
dht22-yellow,21.7,37.3,2017-03-25T07:09:44.867Z
dht22-yellow,21.4,37.8,2017-03-25T07:11:46.381Z
dht22-yellow,21.3,38.1,2017-03-25T07:13:47.884Z
dht22-yellow,21.2,38.2,2017-03-25T07:15:49.391Z
dht22-yellow,21.1,38.3,2017-03-25T07:17:50.961Z
dht22-yellow,21.1,38.3,2017-03-25T07:19:52.500Z
dht22-yellow,21.1,38.4,2017-03-25T07:21:55.828Z
dht22-yellow,21,38.4,2017-03-25T07:23:59.314Z
dht22-yellow,21,38.4,2017-03-25T07:26:03.100Z
dht22-yellow,21,38.4,2017-03-25T07:28:04.650Z
dht22-yellow,21,38.4,2017-03-25T07:30:06.161Z
dht22-yellow,21,38.4,2017-03-25T07:32:07.671Z
dht22-yellow,21,38.4,2017-03-25T07:34:09.226Z
dht22-yellow,20.9,38.3,2017-03-25T07:36:10.739Z
dht22-yellow,21,38.3,2017-03-25T07:38:14.249Z
dht22-yellow,21,38.3,2017-03-25T07:40:17.559Z
dht22-yellow,21,38.2,2017-03-25T07:42:19.065Z
dht22-yellow,21,38.1,2017-03-25T07:44:22.512Z
dht22-yellow,21,38.1,2017-03-25T07:46:24.010Z
dht22-yellow,21,38,2017-03-25T07:48:25.509Z
dht22-yellow,21,38.1,2017-03-25T07:50:27.009Z
dht22-yellow,21,38.1,2017-03-25T07:52:30.843Z
dht22-yellow,20.9,38,2017-03-25T07:54:32.353Z
dht22-yellow,20.9,38,2017-03-25T07:56:33.876Z
dht22-yellow,20.9,38,2017-03-25T07:58:35.369Z
dht22-yellow,20.9,38,2017-03-25T08:00:36.878Z
dht22-yellow,20.9,38,2017-03-25T08:02:38.390Z
dht22-yellow,20.8,37.9,2017-03-25T08:04:39.904Z
dht22-yellow,20.9,37.9,2017-03-25T08:06:41.444Z
dht22-yellow,20.9,37.9,2017-03-25T08:08:42.956Z
dht22-yellow,20.9,37.9,2017-03-25T08:10:44.477Z
dht22-yellow,20.9,37.8,2017-03-25T08:12:46.969Z
dht22-yellow,20.9,37.8,2017-03-25T08:14:48.471Z
dht22-yellow,20.9,37.7,2017-03-25T08:16:50.009Z
dht22-yellow,20.9,37.7,2017-03-25T08:18:51.519Z
dht22-yellow,20.9,37.7,2017-03-25T08:20:53.050Z
dht22-yellow,20.9,37.7,2017-03-25T08:22:54.552Z
dht22-yellow,20.8,37.7,2017-03-25T08:24:56.051Z
dht22-yellow,20.8,37.7,2017-03-25T08:26:59.537Z
dht22-yellow,20.8,37.7,2017-03-25T08:29:01.043Z
dht22-yellow,20.7,37.6,2017-03-25T08:31:02.535Z
dht22-yellow,20.7,37.6,2017-03-25T08:33:04.031Z
dht22-yellow,20.7,37.6,2017-03-25T08:35:05.553Z
dht22-yellow,20.7,37.6,2017-03-25T08:37:07.039Z
dht22-yellow,20.7,37.6,2017-03-25T08:39:10.341Z
dht22-yellow,20.7,37.6,2017-03-25T08:41:11.843Z
dht22-yellow,20.7,37.6,2017-03-25T08:43:15.340Z
dht22-yellow,20.7,37.5,2017-03-25T08:45:18.677Z
dht22-yellow,20.8,37.5,2017-03-25T08:47:20.179Z
dht22-yellow,20.8,37.4,2017-03-25T08:49:25.951Z
dht22-yellow,20.8,37.4,2017-03-25T08:51:27.450Z
dht22-yellow,20.7,37.3,2017-03-25T08:53:30.924Z
dht22-yellow,20.7,37.4,2017-03-25T08:55:35.685Z
dht22-yellow,20.7,37.4,2017-03-25T08:57:37.193Z
dht22-yellow,20.7,37.4,2017-03-25T08:59:38.763Z
dht22-yellow,20.6,37.3,2017-03-25T09:01:40.261Z
dht22-yellow,20.6,37.3,2017-03-25T09:03:45.941Z
dht22-yellow,20.6,37.3,2017-03-25T09:05:49.240Z
dht22-yellow,20.6,37.3,2017-03-25T09:07:50.734Z
dht22-yellow,20.6,37.3,2017-03-25T09:09:54.202Z
dht22-yellow,20.6,37.3,2017-03-25T09:11:55.723Z
dht22-yellow,20.6,37.3,2017-03-25T09:13:57.271Z
dht22-yellow,20.6,37.3,2017-03-25T09:16:00.669Z
dht22-yellow,20.7,37.3,2017-03-25T09:18:02.166Z
dht22-yellow,20.7,37.2,2017-03-25T09:20:05.954Z
dht22-yellow,20.7,37.1,2017-03-25T09:22:07.452Z
dht22-yellow,20.7,37.1,2017-03-25T09:24:09.039Z
dht22-yellow,20.6,37.1,2017-03-25T09:26:10.551Z
dht22-yellow,20.5,37,2017-03-25T09:28:12.074Z
dht22-yellow,20.5,37.1,2017-03-25T09:30:13.573Z
dht22-yellow,20.5,37.1,2017-03-25T09:32:15.074Z
dht22-yellow,20.5,37.1,2017-03-25T09:34:16.571Z
dht22-yellow,20.5,37.1,2017-03-25T09:36:18.079Z
dht22-yellow,20.5,37.1,2017-03-25T09:38:21.580Z
dht22-yellow,20.5,37.1,2017-03-25T09:40:23.079Z
dht22-yellow,20.5,37.1,2017-03-25T09:42:24.578Z
dht22-yellow,20.5,37.1,2017-03-25T09:44:28.359Z
dht22-yellow,20.4,37,2017-03-25T09:46:31.845Z
dht22-yellow,20.5,37.1,2017-03-25T09:48:33.375Z
dht22-yellow,20.5,36.9,2017-03-25T09:50:36.868Z
dht22-yellow,20.5,36.9,2017-03-25T09:52:40.159Z
dht22-yellow,20.6,36.9,2017-03-25T09:54:41.651Z
dht22-yellow,20.5,36.8,2017-03-25T09:56:43.179Z
dht22-yellow,20.5,36.8,2017-03-25T09:58:46.613Z
dht22-yellow,20.5,36.9,2017-03-25T10:00:48.125Z
dht22-yellow,20.5,36.9,2017-03-25T10:02:51.421Z
dht22-yellow,20.4,36.9,2017-03-25T10:04:57.059Z
dht22-yellow,20.4,36.9,2017-03-25T10:07:00.349Z
dht22-yellow,20.4,36.9,2017-03-25T10:09:01.859Z
dht22-yellow,20.4,36.9,2017-03-25T10:11:03.446Z
dht22-yellow,20.4,36.9,2017-03-25T10:13:04.988Z
dht22-yellow,20.4,36.9,2017-03-25T10:15:08.512Z
dht22-yellow,20.4,36.9,2017-03-25T10:17:12.311Z
dht22-yellow,20.4,36.9,2017-03-25T10:19:16.092Z
dht22-yellow,20.4,36.9,2017-03-25T10:21:17.659Z
dht22-yellow,20.4,36.8,2017-03-25T10:23:21.453Z
dht22-yellow,20.5,36.8,2017-03-25T10:25:22.993Z
dht22-yellow,20.4,36.7,2017-03-25T10:27:26.229Z
dht22-yellow,20.5,36.7,2017-03-25T10:29:31.936Z
dht22-yellow,20.4,36.5,2017-03-25T10:31:35.729Z
dht22-yellow,20.4,36.6,2017-03-25T10:33:37.228Z
dht22-yellow,20.4,36.6,2017-03-25T10:35:38.730Z
dht22-yellow,20.4,36.7,2017-03-25T10:37:41.129Z
dht22-yellow,20.4,36.7,2017-03-25T10:39:44.911Z
dht22-yellow,20.3,36.6,2017-03-25T10:41:46.543Z
dht22-yellow,20.3,36.7,2017-03-25T10:43:48.182Z
dht22-yellow,20.3,36.7,2017-03-25T10:45:49.697Z
dht22-yellow,20.3,36.7,2017-03-25T10:47:51.256Z
dht22-yellow,20.3,36.7,2017-03-25T10:49:57.037Z
dht22-yellow,20.3,36.6,2017-03-25T10:52:02.789Z
dht22-yellow,20.3,36.6,2017-03-25T10:54:04.300Z
dht22-yellow,20.3,36.6,2017-03-25T10:56:05.811Z
dht22-yellow,20.4,36.6,2017-03-25T10:58:07.329Z
dht22-yellow,20.4,36.5,2017-03-25T11:00:09.882Z
dht22-yellow,20.4,36.5,2017-03-25T11:02:11.408Z
dht22-yellow,20.4,36.5,2017-03-25T11:04:15.261Z
dht22-yellow,20.3,36.4,2017-03-25T11:06:19.049Z
dht22-yellow,20.3,36.5,2017-03-25T11:08:22.453Z
dht22-yellow,20.3,36.5,2017-03-25T11:10:28.092Z
dht22-yellow,20.3,36.6,2017-03-25T11:12:31.433Z
dht22-yellow,20.2,36.5,2017-03-25T11:14:34.955Z
dht22-yellow,20.3,36.5,2017-03-25T11:16:36.454Z
dht22-yellow,20.2,36.5,2017-03-25T11:18:40.221Z
dht22-yellow,20.2,36.5,2017-03-25T11:20:41.780Z
dht22-yellow,20.2,36.5,2017-03-25T11:22:45.080Z
dht22-yellow,20.2,36.5,2017-03-25T11:24:50.841Z
dht22-yellow,20.2,36.4,2017-03-25T11:26:53.339Z
dht22-yellow,20.2,36.5,2017-03-25T11:28:54.853Z
dht22-yellow,20.2,36.4,2017-03-25T11:30:58.259Z
dht22-yellow,20.3,36.4,2017-03-25T11:32:59.776Z
dht22-yellow,20.3,36.4,2017-03-25T11:35:03.241Z
dht22-yellow,20.3,36.3,2017-03-25T11:37:04.732Z
dht22-yellow,20.3,36.3,2017-03-25T11:39:06.252Z
dht22-yellow,20.3,36.3,2017-03-25T11:41:07.801Z
dht22-yellow,20.2,36.3,2017-03-25T11:43:09.319Z
dht22-yellow,20.2,36.3,2017-03-25T11:45:10.868Z
dht22-yellow,20.2,36.3,2017-03-25T11:47:12.378Z
dht22-yellow,20.2,36.4,2017-03-25T11:49:13.910Z
dht22-yellow,20.2,36.4,2017-03-25T11:51:16.404Z
dht22-yellow,20.2,36.4,2017-03-25T11:53:20.177Z
dht22-yellow,20.2,36.4,2017-03-25T11:55:21.759Z
dht22-yellow,20.2,36.4,2017-03-25T11:57:23.437Z
dht22-yellow,20.2,36.4,2017-03-25T11:59:26.908Z
dht22-yellow,20.2,36.4,2017-03-25T12:01:28.401Z
dht22-yellow,20.2,36.4,2017-03-25T12:03:29.909Z
dht22-yellow,20.2,36.3,2017-03-25T12:05:31.409Z
dht22-yellow,20.2,36.2,2017-03-25T12:07:34.772Z
dht22-yellow,20.2,36.1,2017-03-25T12:09:36.326Z
dht22-yellow,20.3,36.2,2017-03-25T12:11:38.830Z
dht22-yellow,20.3,36.2,2017-03-25T12:13:41.327Z
dht22-yellow,20.2,36.2,2017-03-25T12:15:43.820Z
dht22-yellow,20.2,36.2,2017-03-25T12:17:45.330Z
dht22-yellow,20.2,36.2,2017-03-25T12:19:46.854Z
dht22-yellow,20.2,36.2,2017-03-25T12:21:50.339Z
dht22-yellow,20.1,36.2,2017-03-25T12:23:51.860Z
dht22-yellow,20.1,36.8,2017-03-25T12:25:53.394Z
dht22-yellow,20.1,36.2,2017-03-25T12:27:54.903Z
dht22-yellow,20.1,36.2,2017-03-25T12:30:00.643Z
dht22-yellow,20.1,36.2,2017-03-25T12:32:02.262Z
dht22-yellow,20.1,36.2,2017-03-25T12:34:08.358Z
dht22-yellow,20.1,36.2,2017-03-25T12:36:10.878Z
dht22-yellow,20.1,36.2,2017-03-25T12:38:12.542Z
dht22-yellow,20.2,36.1,2017-03-25T12:40:16.488Z
dht22-yellow,20.2,36.1,2017-03-25T12:42:19.859Z
dht22-yellow,20.2,36.1,2017-03-25T12:44:23.328Z
dht22-yellow,20.2,36,2017-03-25T12:46:27.129Z
dht22-yellow,20.2,35.9,2017-03-25T12:48:28.651Z
dht22-yellow,20.2,36,2017-03-25T12:50:31.969Z
dht22-yellow,20.2,36.1,2017-03-25T12:52:33.480Z
dht22-yellow,20.1,36,2017-03-25T12:54:39.261Z
dht22-yellow,20.1,36,2017-03-25T12:56:45.000Z
dht22-yellow,20.1,36.1,2017-03-25T12:58:46.510Z
dht22-yellow,20.1,36.1,2017-03-25T13:00:48.001Z
dht22-yellow,20.1,36.1,2017-03-25T13:02:50.210Z
dht22-yellow,20.1,36.1,2017-03-25T13:04:54.065Z
dht22-yellow,20.1,36.1,2017-03-25T13:06:55.570Z
dht22-yellow,20.1,36.1,2017-03-25T13:09:01.303Z
dht22-yellow,20.1,36.1,2017-03-25T13:11:05.104Z
dht22-yellow,20.1,36.1,2017-03-25T13:13:06.671Z
dht22-yellow,20.2,36,2017-03-25T13:15:08.171Z
dht22-yellow,20.2,35.9,2017-03-25T13:17:12.054Z
dht22-yellow,20.4,35.9,2017-03-25T13:19:20.039Z
dht22-yellow,20.4,35.8,2017-03-25T13:21:23.815Z
dht22-yellow,20.6,35.6,2017-03-25T13:23:25.320Z
dht22-yellow,20.7,35.4,2017-03-25T13:25:28.785Z
dht22-yellow,20.8,35.4,2017-03-25T13:27:30.280Z
dht22-yellow,21,35.1,2017-03-25T13:29:36.880Z
dht22-yellow,21.1,34.9,2017-03-25T13:31:43.037Z
dht22-yellow,21.2,35,2017-03-25T13:33:53.715Z
dht22-yellow,21.3,35.1,2017-03-25T13:36:03.853Z
dht22-yellow,21.3,35,2017-03-25T13:38:09.916Z
dht22-yellow,21.5,35.2,2017-03-25T13:40:17.913Z
dht22-yellow,21.5,35.2,2017-03-25T13:42:19.598Z
dht22-yellow,21.5,35,2017-03-25T13:44:21.114Z
dht22-yellow,21.7,35.1,2017-03-25T13:46:29.527Z
dht22-yellow,21.8,35.1,2017-03-25T13:48:33.622Z
dht22-yellow,21.8,35,2017-03-25T13:50:39.708Z
dht22-yellow,21.9,34.8,2017-03-25T13:52:42.151Z
dht22-yellow,22,34.9,2017-03-25T13:54:48.205Z
dht22-yellow,22.1,34.9,2017-03-25T13:56:56.541Z
dht22-yellow,22.2,34.8,2017-03-25T13:59:06.778Z
dht22-yellow,22.2,34.8,2017-03-25T14:01:10.278Z
dht22-yellow,22.4,35.1,2017-03-25T14:03:14.071Z
dht22-yellow,22.4,35.2,2017-03-25T14:05:24.724Z
dht22-yellow,22.4,35.2,2017-03-25T14:07:28.153Z
dht22-yellow,22.2,35.7,2017-03-25T14:09:38.478Z
dht22-yellow,22.2,35.7,2017-03-25T14:11:46.523Z
dht22-yellow,22.1,35.9,2017-03-25T14:13:52.130Z
dht22-yellow,22.1,36,2017-03-25T14:15:56.892Z
dht22-yellow,22,36,2017-03-25T14:18:00.718Z
dht22-yellow,22,36.3,2017-03-25T14:20:02.262Z
dht22-yellow,22,36.4,2017-03-25T14:22:12.619Z
dht22-yellow,22,36.5,2017-03-25T14:24:15.953Z
dht22-yellow,22,36.1,2017-03-25T14:26:24.345Z
dht22-yellow,22,36.1,2017-03-25T14:28:33.481Z
dht22-yellow,22,35.9,2017-03-25T14:30:39.670Z
dht22-yellow,22,36.2,2017-03-25T14:32:45.893Z
dht22-yellow,22,35.9,2017-03-25T14:34:56.151Z
dht22-yellow,21.9,36.8,2017-03-25T14:36:59.940Z
dht22-yellow,21.9,36.7,2017-03-25T14:39:01.499Z
dht22-yellow,21.9,36.8,2017-03-25T14:41:07.619Z
dht22-yellow,21.9,36.9,2017-03-25T14:43:09.119Z
dht22-yellow,21.9,37,2017-03-25T14:45:12.931Z
dht22-yellow,21.9,37.1,2017-03-25T14:47:16.708Z
dht22-yellow,21.9,37,2017-03-25T14:49:22.320Z
dht22-yellow,21.8,37,2017-03-25T14:51:26.141Z
dht22-yellow,21.8,37.1,2017-03-25T14:53:34.463Z
dht22-yellow,21.8,36.8,2017-03-25T14:55:38.251Z
dht22-yellow,21.8,36.8,2017-03-25T14:57:43.979Z
dht22-yellow,21.8,36.4,2017-03-25T14:59:47.483Z
dht22-yellow,21.8,36.4,2017-03-25T15:01:48.990Z
dht22-yellow,21.8,36.4,2017-03-25T15:03:52.390Z
dht22-yellow,21.8,36.3,2017-03-25T15:06:00.341Z
dht22-yellow,21.8,36.3,2017-03-25T15:08:06.390Z
dht22-yellow,21.8,36.8,2017-03-25T15:10:12.082Z
dht22-yellow,21.8,37.7,2017-03-25T15:12:13.593Z
dht22-yellow,21.7,38.1,2017-03-25T15:14:19.638Z
dht22-yellow,21.7,38,2017-03-25T15:16:27.610Z
dht22-yellow,21.7,38.1,2017-03-25T15:18:31.386Z
dht22-yellow,21.7,38.4,2017-03-25T15:20:35.163Z
dht22-yellow,21.7,38.4,2017-03-25T15:22:41.190Z
dht22-yellow,21.7,38.3,2017-03-25T15:24:42.692Z
dht22-yellow,21.7,38.5,2017-03-25T15:26:46.449Z
dht22-yellow,21.7,38.5,2017-03-25T15:28:52.528Z
dht22-yellow,21.7,38.5,2017-03-25T15:30:58.173Z
dht22-yellow,21.8,39,2017-03-25T15:33:06.148Z
dht22-yellow,21.7,39.4,2017-03-25T15:35:18.549Z
dht22-yellow,21.8,38.8,2017-03-25T15:37:24.607Z
dht22-yellow,21.8,38.8,2017-03-25T15:39:30.669Z
dht22-yellow,21.7,39,2017-03-25T15:41:32.207Z
dht22-yellow,21.7,39.3,2017-03-25T15:43:40.515Z
dht22-yellow,21.7,39.2,2017-03-25T15:45:46.231Z
dht22-yellow,21.7,39.3,2017-03-25T15:47:52.310Z
dht22-yellow,21.7,39.3,2017-03-25T15:49:58.364Z
dht22-yellow,21.6,39.2,2017-03-25T15:52:08.562Z
dht22-yellow,21.7,39.3,2017-03-25T15:54:10.100Z
dht22-yellow,21.6,39.3,2017-03-25T15:56:15.821Z
dht22-yellow,21.6,39.3,2017-03-25T15:58:23.661Z
dht22-yellow,21.6,39.3,2017-03-25T16:00:27.019Z
dht22-yellow,21.6,39.1,2017-03-25T16:02:28.524Z
dht22-yellow,21.6,39.1,2017-03-25T16:04:30.038Z
dht22-yellow,21.7,39.1,2017-03-25T16:06:36.489Z
dht22-yellow,21.7,38.9,2017-03-25T16:08:40.259Z
dht22-yellow,21.7,39,2017-03-25T16:10:46.317Z
dht22-yellow,21.7,39.3,2017-03-25T16:12:54.618Z
dht22-yellow,21.7,39.2,2017-03-25T16:15:00.290Z
dht22-yellow,21.7,39.5,2017-03-25T16:17:04.079Z
dht22-yellow,21.7,39.6,2017-03-25T16:19:15.655Z
dht22-yellow,21.7,39.6,2017-03-25T16:21:23.959Z
dht22-yellow,21.7,39.6,2017-03-25T16:23:34.529Z
dht22-yellow,21.7,39.6,2017-03-25T16:25:42.840Z
dht22-yellow,21.8,39.6,2017-03-25T16:27:51.135Z
dht22-yellow,21.8,39.6,2017-03-25T16:29:59.161Z
dht22-yellow,21.8,39.7,2017-03-25T16:32:05.199Z
dht22-yellow,21.8,39.6,2017-03-25T16:34:16.772Z
dht22-yellow,21.8,39.6,2017-03-25T16:36:25.084Z
dht22-yellow,21.8,39.6,2017-03-25T16:38:31.111Z
dht22-yellow,21.8,40.1,2017-03-25T16:40:34.545Z
dht22-yellow,21.8,39.6,2017-03-25T16:42:40.593Z
dht22-yellow,21.8,39.6,2017-03-25T16:44:48.900Z
dht22-yellow,21.8,39.6,2017-03-25T16:46:54.944Z
dht22-yellow,21.8,39.5,2017-03-25T16:48:58.740Z
dht22-yellow,21.9,39.6,2017-03-25T16:51:03.503Z
dht22-yellow,21.9,39.7,2017-03-25T16:53:12.805Z
dht22-yellow,21.9,39.7,2017-03-25T16:55:21.109Z
dht22-yellow,21.9,39.7,2017-03-25T16:57:29.428Z
dht22-yellow,21.9,39.7,2017-03-25T16:59:31.919Z
dht22-yellow,21.9,39.7,2017-03-25T17:01:35.681Z
dht22-yellow,21.9,39.6,2017-03-25T17:03:43.990Z
dht22-yellow,21.9,39.6,2017-03-25T17:05:50.207Z
dht22-yellow,22,39.6,2017-03-25T17:07:53.590Z
dht22-yellow,22,39.7,2017-03-25T17:09:55.092Z
dht22-yellow,21.9,39.7,2017-03-25T17:12:01.216Z
dht22-yellow,21.9,39.6,2017-03-25T17:14:04.534Z
dht22-yellow,21.9,39.6,2017-03-25T17:16:12.885Z
dht22-yellow,21.9,39.6,2017-03-25T17:18:14.422Z
dht22-yellow,21.9,39.6,2017-03-25T17:20:20.135Z
dht22-yellow,21.9,39.6,2017-03-25T17:22:23.949Z
dht22-yellow,21.9,39.6,2017-03-25T17:24:30.991Z
dht22-yellow,21.9,39.6,2017-03-25T17:26:36.664Z
dht22-yellow,21.8,39.5,2017-03-25T17:28:42.719Z
dht22-yellow,21.8,39.5,2017-03-25T17:30:48.782Z
dht22-yellow,21.8,39.5,2017-03-25T17:32:56.800Z
dht22-yellow,21.8,39.4,2017-03-25T17:35:00.601Z
dht22-yellow,21.8,39.4,2017-03-25T17:37:04.415Z
dht22-yellow,21.8,39.4,2017-03-25T17:39:05.981Z
dht22-yellow,21.8,39.4,2017-03-25T17:41:14.340Z
dht22-yellow,21.8,39.4,2017-03-25T17:43:22.649Z
dht22-yellow,21.8,39.4,2017-03-25T17:45:28.705Z
dht22-yellow,21.8,39.3,2017-03-25T17:47:32.522Z
dht22-yellow,21.8,39.4,2017-03-25T17:49:36.308Z
dht22-yellow,21.8,39.3,2017-03-25T17:51:42.056Z
dht22-yellow,21.8,39.3,2017-03-25T17:53:50.052Z
dht22-yellow,21.7,39.2,2017-03-25T17:56:04.902Z
dht22-yellow,21.7,39.2,2017-03-25T17:58:10.548Z
dht22-yellow,21.7,39.2,2017-03-25T18:00:16.710Z
dht22-yellow,21.7,39.2,2017-03-25T18:02:22.803Z
dht22-yellow,21.7,39.2,2017-03-25T18:04:24.355Z
dht22-yellow,21.7,39.7,2017-03-25T18:06:25.902Z
dht22-yellow,21.7,39.1,2017-03-25T18:08:33.967Z
dht22-yellow,21.7,39.1,2017-03-25T18:10:37.785Z
dht22-yellow,21.7,39.1,2017-03-25T18:12:43.895Z
dht22-yellow,21.7,39,2017-03-25T18:14:45.482Z
dht22-yellow,21.7,39,2017-03-25T18:16:55.633Z
dht22-yellow,21.7,39,2017-03-25T18:19:08.263Z
dht22-yellow,21.7,39.1,2017-03-25T18:21:12.058Z
dht22-yellow,21.7,39.1,2017-03-25T18:23:17.697Z
dht22-yellow,21.7,39,2017-03-25T18:25:19.257Z
dht22-yellow,21.7,39.1,2017-03-25T18:27:20.786Z
dht22-yellow,21.7,39,2017-03-25T18:29:24.577Z
dht22-yellow,21.7,39,2017-03-25T18:31:26.140Z
dht22-yellow,21.7,39,2017-03-25T18:33:34.131Z
dht22-yellow,21.7,39,2017-03-25T18:35:37.928Z
dht22-yellow,21.7,39.1,2017-03-25T18:37:46.229Z
dht22-yellow,21.7,39.1,2017-03-25T18:39:50.998Z
dht22-yellow,21.7,39,2017-03-25T18:41:58.856Z
dht22-yellow,21.7,38.9,2017-03-25T18:44:04.959Z
dht22-yellow,21.7,38.9,2017-03-25T18:46:12.908Z
dht22-yellow,21.7,38.9,2017-03-25T18:48:18.716Z
dht22-yellow,21.7,38.9,2017-03-25T18:50:22.509Z
dht22-yellow,21.7,38.9,2017-03-25T18:52:26.373Z
dht22-yellow,21.6,38.8,2017-03-25T18:54:36.612Z
dht22-yellow,21.6,38.8,2017-03-25T18:56:42.266Z
dht22-yellow,21.6,38.8,2017-03-25T18:58:50.266Z
dht22-yellow,21.6,38.8,2017-03-25T19:00:51.917Z
dht22-yellow,21.6,38.8,2017-03-25T19:02:55.719Z
dht22-yellow,21.6,38.8,2017-03-25T19:05:03.725Z
dht22-yellow,21.6,38.8,2017-03-25T19:07:09.770Z
dht22-yellow,21.6,38.8,2017-03-25T19:09:15.829Z
dht22-yellow,21.6,38.8,2017-03-25T19:11:23.865Z
dht22-yellow,21.6,38.7,2017-03-25T19:13:29.577Z
dht22-yellow,21.6,38.7,2017-03-25T19:15:35.787Z
dht22-yellow,21.6,38.7,2017-03-25T19:17:39.604Z
dht22-yellow,21.6,38.7,2017-03-25T19:19:44.151Z
dht22-yellow,21.6,38.7,2017-03-25T19:21:52.151Z
dht22-yellow,21.6,38.7,2017-03-25T19:23:58.312Z
dht22-yellow,21.5,38.8,2017-03-25T19:26:02.158Z
dht22-yellow,21.5,38.7,2017-03-25T19:28:09.058Z
dht22-yellow,21.5,38.7,2017-03-25T19:30:10.569Z
dht22-yellow,21.5,38.7,2017-03-25T19:32:13.927Z
dht22-yellow,21.5,38.7,2017-03-25T19:34:20.025Z
dht22-yellow,21.5,38.7,2017-03-25T19:36:22.528Z
dht22-yellow,21.5,38.8,2017-03-25T19:38:28.191Z
dht22-yellow,21.5,38.8,2017-03-25T19:40:36.092Z
dht22-yellow,21.5,38.8,2017-03-25T19:42:44.105Z
dht22-yellow,21.5,38.7,2017-03-25T19:44:50.157Z
dht22-yellow,21.5,38.6,2017-03-25T19:46:55.801Z
dht22-yellow,21.5,38.6,2017-03-25T19:48:59.670Z
dht22-yellow,21.5,38.6,2017-03-25T19:51:03.200Z
dht22-yellow,21.5,38.7,2017-03-25T19:53:11.542Z
dht22-yellow,21.5,38.7,2017-03-25T19:55:14.902Z
dht22-yellow,21.5,38.8,2017-03-25T19:57:24.199Z
dht22-yellow,21.5,38.8,2017-03-25T19:59:28.691Z
dht22-yellow,21.4,38.7,2017-03-25T20:01:30.207Z
dht22-yellow,21.4,38.9,2017-03-25T20:03:34.002Z
dht22-yellow,21.4,38.8,2017-03-25T20:05:42.334Z
dht22-yellow,21.4,38.8,2017-03-25T20:07:46.116Z
dht22-yellow,21.4,38.8,2017-03-25T20:09:52.720Z
dht22-yellow,21.4,38.8,2017-03-25T20:12:01.127Z
dht22-yellow,21.4,38.7,2017-03-25T20:14:04.889Z
dht22-yellow,21.4,38.7,2017-03-25T20:16:10.940Z
dht22-yellow,21.4,38.7,2017-03-25T20:18:17.851Z
dht22-yellow,21.4,38.6,2017-03-25T20:20:21.300Z
dht22-yellow,21.4,38.6,2017-03-25T20:22:27.360Z
dht22-yellow,21.4,38.6,2017-03-25T20:24:34.439Z
dht22-yellow,21.4,38.6,2017-03-25T20:26:46.023Z
dht22-yellow,21.4,38.7,2017-03-25T20:28:57.602Z
dht22-yellow,21.4,38.7,2017-03-25T20:31:01.422Z
dht22-yellow,21.4,38.7,2017-03-25T20:33:06.648Z
dht22-yellow,21.4,38.8,2017-03-25T20:35:12.730Z
dht22-yellow,21.4,38.7,2017-03-25T20:37:17.541Z
dht22-yellow,21.4,38.7,2017-03-25T20:39:19.113Z
dht22-yellow,21.4,38.7,2017-03-25T20:41:26.979Z
dht22-yellow,21.3,38.6,2017-03-25T20:43:28.519Z
dht22-yellow,21.4,38.7,2017-03-25T20:45:34.189Z
dht22-yellow,21.4,38.8,2017-03-25T20:47:37.981Z
dht22-yellow,21.3,38.7,2017-03-25T20:49:43.732Z
dht22-yellow,21.3,38.5,2017-03-25T20:51:47.520Z
dht22-yellow,21.3,38.5,2017-03-25T20:53:57.739Z
dht22-yellow,21.3,38.4,2017-03-25T20:55:59.249Z
dht22-yellow,21.3,38.4,2017-03-25T20:58:02.675Z
dht22-yellow,21.3,38.6,2017-03-25T21:00:10.599Z
dht22-yellow,21.3,38.6,2017-03-25T21:02:18.602Z
dht22-yellow,21.3,38.7,2017-03-25T21:04:26.925Z
dht22-yellow,21.3,38.6,2017-03-25T21:06:33.010Z
dht22-yellow,21.3,38.6,2017-03-25T21:08:34.520Z
dht22-yellow,21.3,38.7,2017-03-25T21:10:40.570Z
dht22-yellow,21.3,38.7,2017-03-25T21:12:46.630Z
dht22-yellow,21.3,38.7,2017-03-25T21:14:57.289Z
dht22-yellow,21.3,38.7,2017-03-25T21:17:05.666Z
dht22-yellow,21.3,38.7,2017-03-25T21:19:13.598Z
dht22-yellow,21.3,38.7,2017-03-25T21:21:22.008Z
dht22-yellow,21.3,38.6,2017-03-25T21:23:23.705Z
dht22-yellow,21.3,39,2017-03-25T21:25:27.489Z
dht22-yellow,21.3,38.4,2017-03-25T21:27:31.293Z
dht22-yellow,21.3,38.3,2017-03-25T21:29:35.180Z
dht22-yellow,21.2,38.3,2017-03-25T21:31:40.201Z
dht22-yellow,21.2,38.3,2017-03-25T21:33:46.065Z
dht22-yellow,21.2,38.5,2017-03-25T21:35:51.721Z
dht22-yellow,21.2,38.6,2017-03-25T21:37:57.770Z
dht22-yellow,21.2,38.6,2017-03-25T21:40:03.533Z
dht22-yellow,21.2,38.6,2017-03-25T21:42:05.041Z
dht22-yellow,21.2,38.6,2017-03-25T21:44:08.938Z
dht22-yellow,21.2,38.5,2017-03-25T21:46:17.409Z
dht22-yellow,21.2,38.6,2017-03-25T21:48:25.757Z
dht22-yellow,21.2,38.6,2017-03-25T21:50:31.340Z
dht22-yellow,21.2,38.6,2017-03-25T21:52:32.974Z
dht22-yellow,21.2,38.6,2017-03-25T21:54:36.753Z
dht22-yellow,21.2,38.4,2017-03-25T21:56:42.810Z
dht22-yellow,21.2,38.3,2017-03-25T21:58:48.899Z
dht22-yellow,21.2,38.3,2017-03-25T22:00:50.642Z
dht22-yellow,21.2,38.3,2017-03-25T22:02:54.417Z
dht22-yellow,21.2,38.3,2017-03-25T22:05:02.460Z
dht22-yellow,21.2,38.5,2017-03-25T22:07:03.987Z
dht22-yellow,21.1,38.4,2017-03-25T22:09:10.849Z
dht22-yellow,21.1,38.2,2017-03-25T22:11:19.159Z
dht22-yellow,21.1,38.1,2017-03-25T22:13:22.977Z
dht22-yellow,21.1,37.6,2017-03-25T22:15:26.753Z
dht22-yellow,21,38,2017-03-25T22:17:32.854Z
dht22-yellow,21,38.3,2017-03-25T22:19:34.692Z
dht22-yellow,21.1,38.4,2017-03-25T22:21:37.969Z
dht22-yellow,21.1,38.4,2017-03-25T22:23:43.711Z
dht22-yellow,21.1,38.3,2017-03-25T22:25:53.849Z
dht22-yellow,21.1,38.2,2017-03-25T22:28:01.767Z
dht22-yellow,21.1,38.2,2017-03-25T22:30:10.465Z
dht22-yellow,21.2,38.2,2017-03-25T22:32:16.532Z
dht22-yellow,21.2,38.2,2017-03-25T22:34:20.011Z
dht22-yellow,21.2,38.1,2017-03-25T22:36:34.870Z
dht22-yellow,21.2,38.1,2017-03-25T22:38:40.918Z
dht22-yellow,21.2,38.3,2017-03-25T22:40:46.689Z
dht22-yellow,21.2,38.5,2017-03-25T22:42:48.188Z
dht22-yellow,21.2,38.7,2017-03-25T22:44:51.964Z
dht22-yellow,21.2,38.7,2017-03-25T22:46:53.490Z
dht22-yellow,21.2,38.8,2017-03-25T22:48:57.317Z
dht22-yellow,21.2,38.8,2017-03-25T22:50:58.827Z
dht22-yellow,21.2,38.9,2017-03-25T22:53:00.364Z
dht22-yellow,21.1,38.8,2017-03-25T22:55:01.858Z
dht22-yellow,21.1,38.9,2017-03-25T22:57:04.349Z
dht22-yellow,21.1,38.6,2017-03-25T22:59:08.060Z
dht22-yellow,21.3,38.5,2017-03-25T23:01:11.499Z
dht22-yellow,21.5,38.4,2017-03-25T23:03:13.040Z
dht22-yellow,21.6,38.7,2017-03-25T23:05:14.550Z
dht22-yellow,21.6,38,2017-03-25T23:07:17.988Z
dht22-yellow,21.7,38,2017-03-25T23:09:21.494Z
dht22-yellow,21.7,37.7,2017-03-25T23:11:23.004Z
dht22-yellow,21.8,37.7,2017-03-25T23:13:24.520Z
dht22-yellow,21.9,37.4,2017-03-25T23:15:27.874Z
dht22-yellow,21.9,37.4,2017-03-25T23:17:31.348Z
dht22-yellow,22,37.2,2017-03-25T23:19:33.065Z
dht22-yellow,22.1,37.2,2017-03-25T23:21:35.548Z
dht22-yellow,22.1,37,2017-03-25T23:23:38.930Z
dht22-yellow,22.2,36.9,2017-03-25T23:25:40.418Z
dht22-yellow,22.3,36.9,2017-03-25T23:27:43.840Z
dht22-yellow,22.3,36.9,2017-03-25T23:29:45.623Z
dht22-yellow,22.3,37.4,2017-03-25T23:31:49.099Z
dht22-yellow,22.3,37.5,2017-03-25T23:33:53.009Z
dht22-yellow,22.3,37.5,2017-03-25T23:35:54.523Z
dht22-yellow,22.2,37.5,2017-03-25T23:37:56.819Z
dht22-yellow,22.2,37.6,2017-03-25T23:39:58.640Z
dht22-yellow,22.2,37.6,2017-03-25T23:42:00.138Z
dht22-yellow,22.2,37.6,2017-03-25T23:44:02.672Z
dht22-yellow,22.1,37.5,2017-03-25T23:46:05.969Z
dht22-yellow,22.1,37.5,2017-03-25T23:48:09.259Z
dht22-yellow,22.1,37.5,2017-03-25T23:50:10.858Z
dht22-yellow,22.1,37.9,2017-03-25T23:52:14.630Z
dht22-yellow,22.1,38,2017-03-25T23:54:16.164Z
dht22-yellow,22.1,38.1,2017-03-25T23:56:17.659Z
dht22-yellow,22.1,38,2017-03-25T23:58:21.045Z
dht22-yellow,22.1,38.2,2017-03-26T00:00:24.741Z
dht22-yellow,22.1,37.9,2017-03-26T00:02:26.240Z
dht22-yellow,22.1,37.9,2017-03-26T00:04:27.747Z
dht22-yellow,22,37.7,2017-03-26T00:06:29.241Z
dht22-yellow,22,37.6,2017-03-26T00:08:32.561Z
dht22-yellow,22,37.6,2017-03-26T00:10:35.949Z
dht22-yellow,22,37.6,2017-03-26T00:12:39.428Z
dht22-yellow,22.1,37.6,2017-03-26T00:14:43.819Z
dht22-yellow,22.1,38.5,2017-03-26T00:16:45.309Z
dht22-yellow,22.1,38.7,2017-03-26T00:18:48.828Z
dht22-yellow,22.1,38.8,2017-03-26T00:20:50.488Z
dht22-yellow,22.1,38.9,2017-03-26T00:22:52.437Z
dht22-yellow,22,38.8,2017-03-26T00:24:53.928Z
dht22-yellow,22,38.8,2017-03-26T00:26:57.112Z
dht22-yellow,22,38.4,2017-03-26T00:28:58.640Z
dht22-yellow,22.1,38.3,2017-03-26T00:31:00.141Z
dht22-yellow,22.1,38.3,2017-03-26T00:33:01.639Z
dht22-yellow,22.1,38.2,2017-03-26T00:35:03.148Z
dht22-yellow,22.1,38.3,2017-03-26T00:37:04.648Z
dht22-yellow,22.1,38.3,2017-03-26T00:39:06.279Z
dht22-yellow,22.1,38.2,2017-03-26T00:41:07.765Z
dht22-yellow,22.1,38.6,2017-03-26T00:43:09.263Z
dht22-yellow,22.1,38.6,2017-03-26T00:45:10.768Z
dht22-yellow,22,38.7,2017-03-26T00:47:12.315Z
dht22-yellow,22,38.7,2017-03-26T00:49:13.928Z
dht22-yellow,22,38.7,2017-03-26T00:51:16.420Z
dht22-yellow,22,38.7,2017-03-26T00:53:19.739Z
dht22-yellow,22.1,38.4,2017-03-26T00:55:23.155Z
dht22-yellow,22.1,38.3,2017-03-26T00:57:26.521Z
dht22-yellow,22.1,38.2,2017-03-26T00:59:30.330Z
dht22-yellow,22.1,38.2,2017-03-26T01:01:33.795Z
dht22-yellow,22.1,38.1,2017-03-26T01:03:37.188Z
dht22-yellow,22.1,38.1,2017-03-26T01:05:40.588Z
dht22-yellow,22.1,38.3,2017-03-26T01:07:44.000Z
dht22-yellow,22.1,38.5,2017-03-26T01:09:45.511Z
dht22-yellow,22.1,38.4,2017-03-26T01:11:47.009Z
dht22-yellow,22.1,38.4,2017-03-26T01:13:48.511Z
dht22-yellow,22,38.5,2017-03-26T01:15:51.007Z
dht22-yellow,21.9,38.5,2017-03-26T01:17:52.501Z
dht22-yellow,22,38.6,2017-03-26T01:19:54.090Z
dht22-yellow,22,38.5,2017-03-26T01:21:55.579Z
dht22-yellow,22.1,38.6,2017-03-26T01:23:57.071Z
dht22-yellow,22.2,38.4,2017-03-26T01:25:58.557Z
dht22-yellow,22.2,38.3,2017-03-26T01:28:00.065Z
dht22-yellow,22.2,38.2,2017-03-26T01:30:01.741Z
dht22-yellow,22.2,38.1,2017-03-26T01:32:05.511Z
dht22-yellow,22.2,38.2,2017-03-26T01:34:07.009Z
dht22-yellow,22.2,38.2,2017-03-26T01:36:08.509Z
dht22-yellow,22.2,38.3,2017-03-26T01:38:10.009Z
dht22-yellow,22.2,38.3,2017-03-26T01:40:11.545Z
dht22-yellow,22.2,38.2,2017-03-26T01:42:15.015Z
dht22-yellow,22.2,38.3,2017-03-26T01:44:20.692Z
dht22-yellow,22.2,38.2,2017-03-26T01:46:24.153Z
dht22-yellow,22.2,38.1,2017-03-26T01:48:27.510Z
dht22-yellow,22.2,38.4,2017-03-26T01:50:33.390Z
dht22-yellow,22.2,38,2017-03-26T01:52:39.160Z
dht22-yellow,22.2,38.2,2017-03-26T01:54:42.490Z
dht22-yellow,22.3,38.1,2017-03-26T01:56:45.861Z
dht22-yellow,22.3,38.1,2017-03-26T01:58:49.430Z
dht22-yellow,22.3,38.3,2017-03-26T02:00:53.250Z
dht22-yellow,22.3,37.9,2017-03-26T02:02:54.749Z
dht22-yellow,22.2,38.3,2017-03-26T02:04:58.512Z
dht22-yellow,22.2,38.2,2017-03-26T02:07:04.550Z
dht22-yellow,22.3,38.2,2017-03-26T02:09:06.320Z
dht22-yellow,22.2,38.1,2017-03-26T02:11:07.809Z
dht22-yellow,22.2,38.4,2017-03-26T02:13:09.309Z
dht22-yellow,22.2,38.4,2017-03-26T02:15:10.800Z
dht22-yellow,22.2,38.3,2017-03-26T02:17:12.321Z
dht22-yellow,22.2,38.3,2017-03-26T02:19:18.029Z
dht22-yellow,22.2,38.3,2017-03-26T02:21:19.531Z
dht22-yellow,22.2,38.4,2017-03-26T02:23:23.011Z
dht22-yellow,22.1,38.9,2017-03-26T02:25:24.499Z
dht22-yellow,22.1,38.9,2017-03-26T02:27:25.986Z
dht22-yellow,22.1,39.2,2017-03-26T02:29:28.758Z
dht22-yellow,22.1,39.2,2017-03-26T02:31:32.228Z
dht22-yellow,22,39.2,2017-03-26T02:33:35.519Z
dht22-yellow,22,38.7,2017-03-26T02:35:38.959Z
dht22-yellow,22,38.7,2017-03-26T02:37:42.412Z
dht22-yellow,22,38.5,2017-03-26T02:39:46.169Z
dht22-yellow,22,38.6,2017-03-26T02:41:49.590Z
dht22-yellow,22,38.6,2017-03-26T02:43:51.079Z
dht22-yellow,22,38.8,2017-03-26T02:45:52.565Z
dht22-yellow,22,39.1,2017-03-26T02:47:56.339Z
dht22-yellow,22,39.1,2017-03-26T02:50:00.369Z
dht22-yellow,22,39.1,2017-03-26T02:52:01.869Z
dht22-yellow,22,39,2017-03-26T02:54:03.355Z
dht22-yellow,21.9,38.9,2017-03-26T02:56:04.849Z
dht22-yellow,21.9,39,2017-03-26T02:58:06.372Z
dht22-yellow,21.9,39,2017-03-26T03:00:08.017Z
dht22-yellow,21.9,39.2,2017-03-26T03:02:09.510Z
dht22-yellow,21.9,39.8,2017-03-26T03:04:11.009Z
dht22-yellow,21.9,39.5,2017-03-26T03:06:16.677Z
dht22-yellow,21.9,39.4,2017-03-26T03:08:20.001Z
dht22-yellow,21.9,39.3,2017-03-26T03:10:23.458Z
dht22-yellow,21.9,39.3,2017-03-26T03:12:24.962Z
dht22-yellow,21.9,39.4,2017-03-26T03:14:27.458Z
dht22-yellow,21.9,39.7,2017-03-26T03:16:30.868Z
dht22-yellow,21.9,39.6,2017-03-26T03:18:32.362Z
dht22-yellow,21.9,39.7,2017-03-26T03:20:36.075Z
dht22-yellow,21.9,39.7,2017-03-26T03:22:39.009Z
dht22-yellow,21.8,39.6,2017-03-26T03:24:42.386Z
dht22-yellow,21.8,39.6,2017-03-26T03:26:45.759Z
dht22-yellow,21.8,39.4,2017-03-26T03:28:49.043Z
dht22-yellow,21.8,39.4,2017-03-26T03:30:51.876Z
dht22-yellow,21.8,39.4,2017-03-26T03:32:53.378Z
dht22-yellow,21.8,39.3,2017-03-26T03:34:57.136Z
dht22-yellow,21.7,39.2,2017-03-26T03:36:58.638Z
dht22-yellow,21.7,39.4,2017-03-26T03:39:00.139Z
dht22-yellow,21.7,39.7,2017-03-26T03:41:01.639Z
dht22-yellow,21.7,39.6,2017-03-26T03:43:03.153Z
dht22-yellow,21.7,39.7,2017-03-26T03:45:04.654Z
dht22-yellow,21.7,39.7,2017-03-26T03:47:08.425Z
dht22-yellow,21.7,39.8,2017-03-26T03:49:10.225Z
dht22-yellow,21.7,39.7,2017-03-26T03:51:13.516Z
dht22-yellow,21.6,39.4,2017-03-26T03:53:16.835Z
dht22-yellow,21.6,39.3,2017-03-26T03:55:20.335Z
dht22-yellow,21.6,39.3,2017-03-26T03:57:26.090Z
dht22-yellow,21.6,39.3,2017-03-26T03:59:29.698Z
dht22-yellow,21.6,39.2,2017-03-26T04:01:33.458Z
dht22-yellow,21.6,39.4,2017-03-26T04:03:36.900Z
dht22-yellow,21.6,39.7,2017-03-26T04:05:40.219Z
dht22-yellow,21.6,39.7,2017-03-26T04:07:43.701Z
dht22-yellow,21.6,39.8,2017-03-26T04:09:48.757Z
dht22-yellow,21.5,39.8,2017-03-26T04:11:51.251Z
dht22-yellow,21.5,39.7,2017-03-26T04:13:55.043Z
dht22-yellow,21.5,40.4,2017-03-26T04:16:01.110Z
dht22-yellow,21.5,39.5,2017-03-26T04:18:07.150Z
dht22-yellow,21.6,39.3,2017-03-26T04:20:08.820Z
dht22-yellow,21.6,39.4,2017-03-26T04:22:10.319Z
dht22-yellow,21.7,39.4,2017-03-26T04:24:18.340Z
dht22-yellow,21.7,39.8,2017-03-26T04:26:23.919Z
dht22-yellow,21.7,39.5,2017-03-26T04:28:27.350Z
dht22-yellow,21.7,39.4,2017-03-26T04:30:30.919Z
dht22-yellow,21.7,39.8,2017-03-26T04:32:34.208Z
dht22-yellow,21.7,40,2017-03-26T04:34:35.697Z
dht22-yellow,21.7,39.6,2017-03-26T04:36:37.201Z
dht22-yellow,21.7,39.6,2017-03-26T04:38:38.700Z
dht22-yellow,21.7,39.6,2017-03-26T04:40:42.553Z
dht22-yellow,21.8,39.6,2017-03-26T04:42:45.038Z
dht22-yellow,21.8,39.6,2017-03-26T04:44:48.312Z
dht22-yellow,21.8,39.6,2017-03-26T04:46:51.698Z
dht22-yellow,21.8,39.5,2017-03-26T04:48:53.189Z
dht22-yellow,21.8,39.6,2017-03-26T04:50:54.683Z
dht22-yellow,21.8,39.6,2017-03-26T04:52:56.179Z
dht22-yellow,21.8,39.7,2017-03-26T04:54:57.675Z
dht22-yellow,21.8,40.3,2017-03-26T04:57:01.453Z
dht22-yellow,21.7,39.7,2017-03-26T04:59:05.408Z
dht22-yellow,21.7,39.7,2017-03-26T05:01:11.440Z
dht22-yellow,21.7,39.6,2017-03-26T05:03:19.749Z
dht22-yellow,21.7,39.5,2017-03-26T05:05:28.046Z
dht22-yellow,21.7,39.5,2017-03-26T05:07:35.921Z
dht22-yellow,21.8,39.3,2017-03-26T05:09:44.260Z
dht22-yellow,21.8,39.2,2017-03-26T05:11:50.309Z
dht22-yellow,21.8,39.1,2017-03-26T05:14:00.893Z
dht22-yellow,21.8,39,2017-03-26T05:16:06.928Z
dht22-yellow,21.8,39.2,2017-03-26T05:18:15.235Z
dht22-yellow,21.8,39.1,2017-03-26T05:20:26.001Z
dht22-yellow,21.7,39.2,2017-03-26T05:22:33.909Z
dht22-yellow,21.7,39.2,2017-03-26T05:24:42.209Z
dht22-yellow,21.7,39.2,2017-03-26T05:26:52.866Z
dht22-yellow,21.7,39.2,2017-03-26T05:28:54.351Z
dht22-yellow,21.7,39.1,2017-03-26T05:31:00.380Z
dht22-yellow,21.7,39.1,2017-03-26T05:33:04.169Z
dht22-yellow,21.7,38.9,2017-03-26T05:35:12.470Z
dht22-yellow,21.7,38.9,2017-03-26T05:37:13.958Z
dht22-yellow,21.7,38.8,2017-03-26T05:39:21.048Z
dht22-yellow,21.8,38.8,2017-03-26T05:41:22.594Z
dht22-yellow,21.8,38.7,2017-03-26T05:43:24.098Z
dht22-yellow,21.7,38.8,2017-03-26T05:45:32.411Z
dht22-yellow,21.7,38.8,2017-03-26T05:47:40.722Z
dht22-yellow,21.7,38.8,2017-03-26T05:49:48.860Z
dht22-yellow,21.7,38.8,2017-03-26T05:51:56.214Z
dht22-yellow,21.7,38.8,2017-03-26T05:54:04.519Z
dht22-yellow,21.6,38.6,2017-03-26T05:56:10.596Z
dht22-yellow,21.7,38.7,2017-03-26T05:58:22.969Z
dht22-yellow,21.7,38.5,2017-03-26T06:00:33.333Z
dht22-yellow,21.7,38.5,2017-03-26T06:02:39.390Z
dht22-yellow,21.7,38.4,2017-03-26T06:04:45.438Z
dht22-yellow,21.7,38.4,2017-03-26T06:06:53.748Z
dht22-yellow,21.7,38.3,2017-03-26T06:09:02.288Z
dht22-yellow,21.7,38.3,2017-03-26T06:11:03.829Z
dht22-yellow,21.7,38.4,2017-03-26T06:13:07.819Z
dht22-yellow,21.7,38.4,2017-03-26T06:15:20.211Z
dht22-yellow,21.7,38.4,2017-03-26T06:17:25.889Z
dht22-yellow,21.7,38.4,2017-03-26T06:20:33.755Z
dht22-yellow,21.6,38.3,2017-03-26T06:22:42.062Z
dht22-yellow,21.6,38.9,2017-03-26T06:29:55.669Z
dht22-yellow,21.7,38.1,2017-03-26T06:40:44.958Z
dht22-yellow,21.6,38.1,2017-03-26T06:49:53.767Z
dht22-yellow,21.6,38,2017-03-26T06:53:17.598Z
dht22-yellow,21.7,37.7,2017-03-26T06:56:05.942Z
dht22-yellow,21.8,38,2017-03-26T06:58:14.249Z
dht22-yellow,21.8,38,2017-03-26T07:00:20.319Z
dht22-yellow,21.8,37.5,2017-03-26T07:02:26.362Z
dht22-yellow,21.8,37.6,2017-03-26T07:04:34.672Z
dht22-yellow,21.8,37.6,2017-03-26T07:06:40.719Z
dht22-yellow,21.8,37.7,2017-03-26T07:08:46.767Z
dht22-yellow,21.9,37.6,2017-03-26T07:10:52.512Z
dht22-yellow,21.8,37.6,2017-03-26T07:12:59.122Z
dht22-yellow,21.8,37.6,2017-03-26T07:15:02.421Z
dht22-yellow,21.7,37.7,2017-03-26T07:17:06.178Z
dht22-yellow,21.7,37.7,2017-03-26T07:19:12.366Z
dht22-yellow,21.7,37.7,2017-03-26T07:21:16.132Z
dht22-yellow,21.7,37.7,2017-03-26T07:23:24.445Z
dht22-yellow,21.7,37.6,2017-03-26T07:25:36.951Z
dht22-yellow,21.6,37.5,2017-03-26T07:27:47.188Z
dht22-yellow,21.6,37.5,2017-03-26T07:29:50.833Z
dht22-yellow,21.6,37.6,2017-03-26T07:31:54.610Z
dht22-yellow,21.6,37.6,2017-03-26T07:34:02.420Z
dht22-yellow,21.5,37.6,2017-03-26T07:36:08.459Z
dht22-yellow,21.5,37.6,2017-03-26T07:38:16.510Z
dht22-yellow,21.5,37.7,2017-03-26T07:40:22.329Z
dht22-yellow,21.5,37.7,2017-03-26T07:42:26.097Z
dht22-yellow,21.4,37.5,2017-03-26T07:44:34.413Z
dht22-yellow,21.4,37.5,2017-03-26T07:46:43.711Z
dht22-yellow,21.4,37.5,2017-03-26T07:48:47.563Z
dht22-yellow,21.4,37.5,2017-03-26T07:50:52.511Z
dht22-yellow,21.4,37.4,2017-03-26T07:52:55.962Z
dht22-yellow,21.4,37.4,2017-03-26T07:55:04.381Z
dht22-yellow,21.3,37.4,2017-03-26T07:57:13.698Z
dht22-yellow,21.3,37.4,2017-03-26T07:59:20.928Z
dht22-yellow,21.3,37.4,2017-03-26T08:01:24.446Z
dht22-yellow,21.3,37.5,2017-03-26T08:03:28.234Z
dht22-yellow,21.3,37.4,2017-03-26T08:05:31.708Z
dht22-yellow,21.2,37.4,2017-03-26T08:07:35.479Z
dht22-yellow,21.2,37.4,2017-03-26T08:09:43.683Z
dht22-yellow,21.2,37.3,2017-03-26T08:11:51.678Z
dht22-yellow,21.2,37.3,2017-03-26T08:13:55.456Z
dht22-yellow,21.2,37.2,2017-03-26T08:15:56.974Z
dht22-yellow,21.3,37.2,2017-03-26T08:17:58.523Z
dht22-yellow,21.3,37.2,2017-03-26T08:20:02.082Z
dht22-yellow,21.3,37.2,2017-03-26T08:22:09.928Z
dht22-yellow,21.3,37.2,2017-03-26T08:24:11.451Z
dht22-yellow,21.1,37.2,2017-03-26T08:26:19.320Z
dht22-yellow,21.1,37.2,2017-03-26T08:28:27.629Z
dht22-yellow,21.1,37.2,2017-03-26T08:30:33.899Z
dht22-yellow,21.1,37.3,2017-03-26T08:32:35.436Z
dht22-yellow,21,37.2,2017-03-26T08:34:42.100Z
dht22-yellow,21,37.2,2017-03-26T08:36:48.155Z
dht22-yellow,21,37.1,2017-03-26T08:38:56.460Z
dht22-yellow,21.1,37.2,2017-03-26T08:41:00.511Z
dht22-yellow,21.1,37.1,2017-03-26T08:43:04.281Z
dht22-yellow,21.1,37,2017-03-26T08:45:10.049Z
dht22-yellow,21.1,37,2017-03-26T08:47:13.838Z
dht22-yellow,21.1,37,2017-03-26T08:49:17.341Z
dht22-yellow,21.1,37,2017-03-26T08:51:21.122Z
dht22-yellow,21,37,2017-03-26T08:53:27.171Z
dht22-yellow,21,36.9,2017-03-26T08:55:30.975Z
dht22-yellow,21,37,2017-03-26T08:57:38.998Z
dht22-yellow,21,37,2017-03-26T08:59:42.800Z
dht22-yellow,21,37,2017-03-26T09:01:46.571Z
dht22-yellow,20.9,36.9,2017-03-26T09:03:50.370Z
dht22-yellow,20.9,36.9,2017-03-26T09:05:56.141Z
dht22-yellow,20.9,36.9,2017-03-26T09:07:59.919Z
dht22-yellow,20.9,37.4,2017-03-26T09:10:03.950Z
dht22-yellow,20.9,36.8,2017-03-26T09:12:14.193Z
dht22-yellow,20.9,36.8,2017-03-26T09:14:20.235Z
dht22-yellow,20.9,36.8,2017-03-26T09:16:28.582Z
dht22-yellow,20.9,36.8,2017-03-26T09:18:31.962Z
dht22-yellow,20.9,36.8,2017-03-26T09:20:35.881Z
dht22-yellow,20.8,36.8,2017-03-26T09:22:39.688Z
dht22-yellow,20.8,36.9,2017-03-26T09:24:45.486Z
dht22-yellow,20.8,36.8,2017-03-26T09:26:53.799Z
dht22-yellow,20.8,36.8,2017-03-26T09:29:04.560Z
dht22-yellow,20.8,36.8,2017-03-26T09:31:12.859Z
dht22-yellow,20.8,36.8,2017-03-26T09:33:21.175Z
dht22-yellow,20.8,36.8,2017-03-26T09:35:28.220Z
dht22-yellow,20.8,36.7,2017-03-26T09:37:32.981Z
dht22-yellow,20.8,36.7,2017-03-26T09:39:40.269Z
dht22-yellow,20.8,36.7,2017-03-26T09:41:44.054Z
dht22-yellow,20.8,36.7,2017-03-26T09:43:51.860Z
dht22-yellow,20.8,36.6,2017-03-26T09:46:00.169Z
dht22-yellow,20.8,36.6,2017-03-26T09:48:07.978Z
dht22-yellow,20.7,36.7,2017-03-26T09:50:16.362Z
dht22-yellow,20.7,36.7,2017-03-26T09:52:21.908Z
dht22-yellow,20.7,36.7,2017-03-26T09:54:27.974Z
dht22-yellow,20.7,36.8,2017-03-26T09:56:35.971Z
dht22-yellow,20.6,36.7,2017-03-26T09:58:43.854Z
dht22-yellow,20.6,36.7,2017-03-26T10:00:54.224Z
dht22-yellow,20.7,36.7,2017-03-26T10:03:06.620Z
dht22-yellow,20.7,36.6,2017-03-26T10:05:14.516Z
dht22-yellow,20.6,36.5,2017-03-26T10:07:20.622Z
dht22-yellow,20.6,36.5,2017-03-26T10:09:24.574Z
dht22-yellow,20.6,36.5,2017-03-26T10:11:30.636Z
dht22-yellow,20.6,36.5,2017-03-26T10:13:36.687Z
dht22-yellow,20.6,36.5,2017-03-26T10:15:47.040Z
dht22-yellow,20.6,36.5,2017-03-26T10:17:54.914Z
dht22-yellow,20.6,36.6,2017-03-26T10:20:03.559Z
dht22-yellow,20.5,36.5,2017-03-26T10:22:16.063Z
dht22-yellow,20.5,36.5,2017-03-26T10:24:22.113Z
dht22-yellow,20.5,36.5,2017-03-26T10:26:30.428Z
dht22-yellow,20.5,36.5,2017-03-26T10:28:38.238Z
dht22-yellow,20.5,36.5,2017-03-26T10:30:44.039Z
dht22-yellow,20.5,36.4,2017-03-26T10:32:51.869Z
dht22-yellow,20.5,36.4,2017-03-26T10:34:57.921Z
dht22-yellow,20.5,36.4,2017-03-26T10:37:03.968Z
dht22-yellow,20.5,36.4,2017-03-26T10:39:11.898Z
dht22-yellow,20.5,36.4,2017-03-26T10:41:15.694Z
dht22-yellow,20.5,36.4,2017-03-26T10:43:19.479Z
dht22-yellow,20.5,36.4,2017-03-26T10:45:27.423Z
dht22-yellow,20.5,36.4,2017-03-26T10:47:35.441Z
dht22-yellow,20.5,36.4,2017-03-26T10:49:37.256Z
dht22-yellow,20.4,36.4,2017-03-26T10:51:41.030Z
dht22-yellow,20.4,36.4,2017-03-26T10:53:47.097Z
dht22-yellow,20.4,36.4,2017-03-26T10:55:50.891Z
dht22-yellow,20.4,37,2017-03-26T10:58:01.037Z
dht22-yellow,20.4,36.4,2017-03-26T11:00:09.148Z
dht22-yellow,20.4,36.4,2017-03-26T11:02:10.650Z
dht22-yellow,20.4,36.3,2017-03-26T11:04:14.423Z
dht22-yellow,20.4,36.3,2017-03-26T11:06:20.189Z
dht22-yellow,20.4,36.2,2017-03-26T11:08:28.533Z
dht22-yellow,20.4,36.2,2017-03-26T11:10:32.448Z
dht22-yellow,20.4,36.2,2017-03-26T11:12:40.267Z
dht22-yellow,20.4,36.3,2017-03-26T11:14:44.040Z
dht22-yellow,20.3,36.3,2017-03-26T11:16:52.349Z
dht22-yellow,20.3,36.3,2017-03-26T11:18:54.844Z
dht22-yellow,20.3,36.3,2017-03-26T11:20:58.621Z
dht22-yellow,20.3,36.3,2017-03-26T11:23:04.670Z
dht22-yellow,20.4,36.3,2017-03-26T11:25:12.499Z
dht22-yellow,20.3,36.2,2017-03-26T11:27:23.120Z
dht22-yellow,20.3,36.2,2017-03-26T11:29:28.800Z
dht22-yellow,20.3,36.2,2017-03-26T11:31:32.583Z
dht22-yellow,20.4,36.2,2017-03-26T11:33:40.396Z
dht22-yellow,20.3,36.1,2017-03-26T11:35:46.449Z
dht22-yellow,20.3,36.2,2017-03-26T11:37:50.242Z
dht22-yellow,20.3,36.1,2017-03-26T11:39:51.810Z
dht22-yellow,20.3,36.1,2017-03-26T11:41:57.417Z
dht22-yellow,20.3,36.2,2017-03-26T11:44:03.472Z
dht22-yellow,20.3,36.1,2017-03-26T11:46:09.572Z
dht22-yellow,20.2,36.1,2017-03-26T11:48:11.073Z
dht22-yellow,20.3,36.2,2017-03-26T11:50:17.074Z
dht22-yellow,20.3,36.2,2017-03-26T11:52:20.868Z
dht22-yellow,20.3,36.1,2017-03-26T11:54:26.931Z
dht22-yellow,20.2,36.1,2017-03-26T11:56:28.450Z
dht22-yellow,20.3,36.1,2017-03-26T11:58:34.188Z
dht22-yellow,20.2,36,2017-03-26T12:00:42.557Z
dht22-yellow,20.3,36.1,2017-03-26T12:02:48.280Z
dht22-yellow,20.3,36.1,2017-03-26T12:04:53.101Z
dht22-yellow,20.3,36.1,2017-03-26T12:07:00.133Z
dht22-yellow,20.3,36,2017-03-26T12:09:02.629Z
dht22-yellow,20.2,36,2017-03-26T12:11:11.947Z
dht22-yellow,20.2,36.5,2017-03-26T12:13:20.356Z
dht22-yellow,20.2,36,2017-03-26T12:15:26.404Z
dht22-yellow,20.2,36,2017-03-26T12:17:29.798Z
dht22-yellow,20.2,36,2017-03-26T12:19:38.010Z
dht22-yellow,20.2,36,2017-03-26T12:21:44.060Z
dht22-yellow,20.2,35.9,2017-03-26T12:23:52.089Z
dht22-yellow,20.2,36,2017-03-26T12:25:55.391Z
dht22-yellow,20.2,36,2017-03-26T12:27:59.768Z
dht22-yellow,20.3,36.4,2017-03-26T12:30:12.575Z
dht22-yellow,20.3,36.4,2017-03-26T12:32:18.221Z
dht22-yellow,20.3,36.3,2017-03-26T12:34:22.021Z
dht22-yellow,20.2,36.2,2017-03-26T12:36:25.878Z
dht22-yellow,20.2,36.2,2017-03-26T12:38:27.419Z
dht22-yellow,20.2,36.1,2017-03-26T12:40:29.121Z
dht22-yellow,20.2,36.1,2017-03-26T12:42:32.924Z
dht22-yellow,20.2,36.1,2017-03-26T12:44:44.276Z
dht22-yellow,20.2,36.7,2017-03-26T12:46:47.715Z
dht22-yellow,20.2,36.1,2017-03-26T12:48:53.275Z
dht22-yellow,20.2,36.1,2017-03-26T12:51:02.672Z
dht22-yellow,20.2,36.1,2017-03-26T12:53:08.754Z
dht22-yellow,20.2,36.1,2017-03-26T12:55:14.522Z
dht22-yellow,20.2,36.1,2017-03-26T12:57:20.120Z
dht22-yellow,20.2,36.1,2017-03-26T12:59:21.789Z
dht22-yellow,20.2,36.1,2017-03-26T13:01:25.761Z
dht22-yellow,20.2,36.1,2017-03-26T13:03:29.615Z
dht22-yellow,20.2,36,2017-03-26T13:05:32.935Z
dht22-yellow,20.2,36.1,2017-03-26T13:07:34.519Z
dht22-yellow,20.2,36.2,2017-03-26T13:09:47.225Z
dht22-yellow,20.2,36.2,2017-03-26T13:11:55.543Z
dht22-yellow,20.2,36.2,2017-03-26T13:14:02.720Z
dht22-yellow,20.2,36.2,2017-03-26T13:16:09.866Z
dht22-yellow,20.2,36.3,2017-03-26T13:18:14.645Z
dht22-yellow,20.3,36.7,2017-03-26T13:20:25.278Z
dht22-yellow,20.3,36.7,2017-03-26T13:22:30.949Z
dht22-yellow,20.5,37.5,2017-03-26T13:24:36.775Z
dht22-yellow,20.5,37.4,2017-03-26T13:26:44.608Z
dht22-yellow,20.7,37.6,2017-03-26T13:28:50.220Z
dht22-yellow,20.7,37.6,2017-03-26T13:30:56.017Z
dht22-yellow,20.8,37.5,2017-03-26T13:33:01.820Z
dht22-yellow,20.9,37.4,2017-03-26T13:35:14.320Z
dht22-yellow,20.9,37.4,2017-03-26T13:37:20.384Z
dht22-yellow,21,37.4,2017-03-26T13:39:26.233Z
dht22-yellow,21.1,37.3,2017-03-26T13:41:32.283Z
dht22-yellow,21.2,37.4,2017-03-26T13:43:40.293Z
dht22-yellow,21.3,37.1,2017-03-26T13:45:44.095Z
dht22-yellow,21.2,37,2017-03-26T13:47:52.543Z
dht22-yellow,21.3,37,2017-03-26T13:49:54.378Z
dht22-yellow,21.4,36.8,2017-03-26T13:52:04.704Z
dht22-yellow,21.4,36.8,2017-03-26T13:54:12.855Z
dht22-yellow,21.6,36.9,2017-03-26T13:56:20.733Z
dht22-yellow,21.6,36.7,2017-03-26T13:58:31.049Z
dht22-yellow,21.6,36.7,2017-03-26T14:00:36.812Z
dht22-yellow,21.7,36.6,2017-03-26T14:02:44.769Z
dht22-yellow,21.7,36.5,2017-03-26T14:04:46.268Z
dht22-yellow,21.8,36.6,2017-03-26T14:06:50.051Z
dht22-yellow,21.8,36.3,2017-03-26T14:08:56.112Z
dht22-yellow,21.9,36.2,2017-03-26T14:10:59.902Z
dht22-yellow,22,36.2,2017-03-26T14:13:10.054Z
dht22-yellow,22,36,2017-03-26T14:15:17.952Z
dht22-yellow,22.1,36,2017-03-26T14:17:27.279Z
dht22-yellow,22,35.9,2017-03-26T14:19:31.359Z
dht22-yellow,22.1,35.7,2017-03-26T14:21:41.647Z
dht22-yellow,22.2,35.7,2017-03-26T14:23:47.401Z
dht22-yellow,22.2,35.7,2017-03-26T14:25:55.622Z
dht22-yellow,22.2,35.7,2017-03-26T14:27:59.093Z
dht22-yellow,22.3,35.6,2017-03-26T14:30:07.437Z
dht22-yellow,22.4,35.6,2017-03-26T14:32:15.394Z
dht22-yellow,22.4,35.6,2017-03-26T14:34:23.221Z
dht22-yellow,22.5,35.4,2017-03-26T14:36:31.569Z
dht22-yellow,22.5,35.5,2017-03-26T14:38:39.569Z
dht22-yellow,22.5,35.4,2017-03-26T14:40:47.711Z
dht22-yellow,22.5,35.4,2017-03-26T14:42:53.749Z
dht22-yellow,22.6,35.2,2017-03-26T14:44:57.085Z
dht22-yellow,22.7,35.2,2017-03-26T14:47:07.699Z
dht22-yellow,22.7,35.2,2017-03-26T14:49:09.481Z
dht22-yellow,22.8,35.2,2017-03-26T14:51:19.812Z
dht22-yellow,22.8,35,2017-03-26T14:53:27.808Z
dht22-yellow,22.8,35,2017-03-26T14:55:36.125Z
dht22-yellow,22.9,35,2017-03-26T14:57:42.270Z
dht22-yellow,22.8,34.9,2017-03-26T14:59:46.311Z
dht22-yellow,22.9,35.2,2017-03-26T15:01:50.744Z
dht22-yellow,22.8,35.3,2017-03-26T15:03:55.544Z
dht22-yellow,22.8,36,2017-03-26T15:05:59.352Z
dht22-yellow,22.7,36,2017-03-26T15:08:05.387Z
dht22-yellow,22.7,35.9,2017-03-26T15:10:11.528Z
dht22-yellow,22.6,36.1,2017-03-26T15:12:19.839Z
dht22-yellow,22.6,36.1,2017-03-26T15:14:25.866Z
dht22-yellow,22.6,36.8,2017-03-26T15:16:27.360Z
dht22-yellow,22.6,36.3,2017-03-26T15:18:35.661Z
dht22-yellow,22.5,36.8,2017-03-26T15:20:41.700Z
dht22-yellow,22.5,37,2017-03-26T15:22:50.000Z
dht22-yellow,22.5,37,2017-03-26T15:24:58.309Z
dht22-yellow,22.5,37.1,2017-03-26T15:27:06.621Z
dht22-yellow,22.4,37.1,2017-03-26T15:29:12.671Z
dht22-yellow,22.5,37.2,2017-03-26T15:31:16.439Z
dht22-yellow,22.4,37.1,2017-03-26T15:33:17.939Z
dht22-yellow,22.4,37.3,2017-03-26T15:35:19.430Z
dht22-yellow,22.4,37.4,2017-03-26T15:37:20.928Z
dht22-yellow,22.3,37.4,2017-03-26T15:39:22.699Z
dht22-yellow,22.3,37.5,2017-03-26T15:41:24.200Z
dht22-yellow,22.3,37.7,2017-03-26T15:43:25.716Z
dht22-yellow,22.2,37.6,2017-03-26T15:45:27.221Z
dht22-yellow,22.2,37.6,2017-03-26T15:47:28.719Z
dht22-yellow,22.2,37.5,2017-03-26T15:49:30.348Z
dht22-yellow,22.2,37.4,2017-03-26T15:51:31.849Z
dht22-yellow,22.2,37.5,2017-03-26T15:53:33.360Z
dht22-yellow,22.2,37.4,2017-03-26T15:55:34.892Z
dht22-yellow,22.3,37.6,2017-03-26T15:57:36.380Z
dht22-yellow,22.2,37.6,2017-03-26T15:59:38.100Z
dht22-yellow,22.2,38,2017-03-26T16:01:39.675Z
dht22-yellow,22.2,37.9,2017-03-26T16:03:42.178Z
dht22-yellow,22.2,37.8,2017-03-26T16:05:45.525Z
dht22-yellow,22.2,38,2017-03-26T16:07:49.008Z
dht22-yellow,22.1,38,2017-03-26T16:09:50.704Z
dht22-yellow,22.1,38.1,2017-03-26T16:11:53.989Z
dht22-yellow,22.1,38.2,2017-03-26T16:13:55.488Z
dht22-yellow,22.1,38.1,2017-03-26T16:15:56.975Z
dht22-yellow,22.1,38.2,2017-03-26T16:17:58.477Z
dht22-yellow,22.1,38.2,2017-03-26T16:20:02.256Z
dht22-yellow,22.2,38.8,2017-03-26T16:22:05.707Z
dht22-yellow,22.6,37.9,2017-03-26T16:24:07.264Z
dht22-yellow,22.7,37.6,2017-03-26T16:26:08.823Z
dht22-yellow,22.8,39.6,2017-03-26T16:28:10.320Z
dht22-yellow,22.5,37.5,2017-03-26T16:30:11.820Z
dht22-yellow,22.4,37.8,2017-03-26T16:32:13.309Z
dht22-yellow,22.3,38,2017-03-26T16:34:14.799Z
dht22-yellow,22.3,38.1,2017-03-26T16:36:16.309Z
dht22-yellow,22.2,38.6,2017-03-26T16:38:17.809Z
dht22-yellow,22.2,38.1,2017-03-26T16:40:19.575Z
dht22-yellow,22.1,38.1,2017-03-26T16:42:44.681Z
dht22-yellow,22.1,38.2,2017-03-26T16:44:46.195Z
dht22-yellow,22.1,38.1,2017-03-26T16:46:47.688Z
dht22-yellow,22.1,38.1,2017-03-26T16:48:49.189Z
dht22-yellow,22.1,38.1,2017-03-26T16:50:51.738Z
dht22-yellow,22.1,38.1,2017-03-26T16:52:53.232Z
dht22-yellow,22.1,38.3,2017-03-26T16:54:55.720Z
dht22-yellow,22.1,38.4,2017-03-26T16:57:17.248Z
dht22-yellow,22,38.2,2017-03-26T16:59:18.992Z
dht22-yellow,22,38.2,2017-03-26T17:01:20.489Z
dht22-yellow,22,38.3,2017-03-26T17:03:22.008Z
dht22-yellow,22,38.4,2017-03-26T17:05:23.519Z
dht22-yellow,22,38.5,2017-03-26T17:07:25.012Z
dht22-yellow,22,38.3,2017-03-26T17:09:26.639Z
dht22-yellow,22,38.3,2017-03-26T17:11:29.027Z
dht22-yellow,22.1,38.4,2017-03-26T17:13:32.489Z
dht22-yellow,22.1,38.5,2017-03-26T17:15:33.987Z
dht22-yellow,22,38.4,2017-03-26T17:17:37.389Z
dht22-yellow,22,38.5,2017-03-26T17:19:38.989Z
dht22-yellow,22,38.8,2017-03-26T17:21:40.479Z
dht22-yellow,21.9,38.9,2017-03-26T17:23:41.978Z
dht22-yellow,21.9,38.9,2017-03-26T17:26:03.495Z
dht22-yellow,21.9,39.6,2017-03-26T17:28:04.993Z
dht22-yellow,21.9,39.1,2017-03-26T17:30:06.613Z
dht22-yellow,21.9,38.8,2017-03-26T17:32:08.108Z
dht22-yellow,21.9,39,2017-03-26T17:34:09.598Z
dht22-yellow,21.8,39,2017-03-26T17:36:11.089Z
dht22-yellow,21.9,38.9,2017-03-26T17:38:12.584Z
dht22-yellow,21.9,38.9,2017-03-26T17:40:15.228Z
dht22-yellow,21.9,38.9,2017-03-26T17:42:16.719Z
dht22-yellow,21.9,38.7,2017-03-26T17:44:18.212Z
dht22-yellow,21.9,38.8,2017-03-26T17:46:19.715Z
dht22-yellow,21.8,38.7,2017-03-26T17:48:41.247Z
dht22-yellow,21.8,39,2017-03-26T17:50:44.598Z
dht22-yellow,21.7,38.9,2017-03-26T17:52:46.088Z
dht22-yellow,21.7,39.1,2017-03-26T17:54:47.640Z
dht22-yellow,21.7,38.8,2017-03-26T17:56:49.145Z
dht22-yellow,21.7,38.8,2017-03-26T17:58:50.662Z
dht22-yellow,21.8,39.1,2017-03-26T18:00:52.157Z
